step,train_acc
0,0.0625
100,0.65625
200,0.90625
300,0.875
400,0.9375
500,0.96875
600,0.9375
700,1.0
800,0.9375
900,1.0
1000,1.0
1100,1.0
1200,1.0
1300,1.0
1400,1.0
1500,1.0
1600,1.0
1700,1.0
1800,1.0
1900,1.0
2000,1.0
2100,1.0
2200,1.0
2300,1.0
2400,1.0
2500,1.0
2600,1.0
2700,1.0
2800,1.0
