step,loss
0,0.7567537
100,0.12819041
200,0.07866951
300,0.043256078
400,0.034157142
500,0.030398495
