step,loss
0,0.6813839
100,0.30391392
200,0.19177322
300,0.11987502
400,0.14784987
500,0.08740343
600,0.06990067
700,0.07416815
800,0.051992163
900,0.03946654
