step,train_acc
0,0.0
100,0.5416666666666666
200,0.8333333333333334
300,0.9583333333333334
400,0.8541666666666666
500,0.9375
600,1.0
700,0.9791666666666666
800,1.0
900,1.0
