step,loss
0,0.79641205
100,0.17780659
200,0.080046356
300,0.051638
400,0.03978625
500,0.034041066
