step,loss
0,0.7418994
100,0.118396394
200,0.09045123
300,0.045952268
400,0.041514687
500,0.02984555
600,0.033254426
700,0.025798371
800,0.025547069
900,0.02509037
