step,loss
0,0.046738088
100,0.033521295
200,0.027883725
300,0.026726782
400,0.026152411
500,0.02545696
600,0.023207488
700,0.02407153
800,0.024220008
