step,loss
0,0.76019114
100,0.108932324
200,0.059873886
300,0.038548253
400,0.032038815
500,0.03090114
