step,loss
0,0.07316668
100,0.06462672
