step,loss
0,0.6945525
100,0.28086758
200,0.14301382
300,0.13815935
400,0.08168505
500,0.074340634
600,0.06370908
700,0.057140842
800,0.044253945
900,0.032655306
