step,train_acc
0,0.020833333333333332
100,0.6875
200,0.9375
300,0.8958333333333334
400,1.0
500,0.9791666666666666
600,1.0
700,1.0
800,1.0
900,1.0
