step,loss
0,0.79499316
100,0.22120938
200,0.099585205
300,0.078055084
400,0.061638452
500,0.040875796
600,0.03581698
700,0.034108587
800,0.031831108
