step,loss
0,0.6860806
100,0.30114713
200,0.20063104
300,0.13221908
400,0.07762934
500,0.05834595
600,0.046064474
700,0.039569587
800,0.028711978
900,0.024367038
