step,train_acc
0,0.08333333333333333
100,0.6041666666666666
200,0.7916666666666666
300,0.8958333333333334
400,0.9791666666666666
500,1.0
600,1.0
700,0.9791666666666666
800,1.0
900,1.0
