step,loss
0,0.7879906
100,0.20670816
200,0.104392275
300,0.060701706
400,0.04350352
500,0.035621315
600,0.034099787
700,0.028320825
800,0.029027736
