step,train_acc
0,0.041666666666666664
100,0.7083333333333334
200,0.9166666666666666
300,0.9583333333333334
400,1.0
500,0.9583333333333334
600,1.0
700,1.0
800,1.0
900,1.0
1000,1.0
1100,1.0
1200,1.0
1300,1.0
1400,1.0
