step,loss
0,0.7945987
100,0.4402788
200,0.32422802
300,0.2740519
400,0.17692286
500,0.11204465
600,0.11231207
700,0.066048704
800,0.07275634
900,0.056758333
