step,train_acc
0,0.0
100,0.5
200,0.75
300,0.6666666666666666
400,0.9166666666666666
500,1.0
600,1.0
700,1.0
800,1.0
900,1.0
