step,train_acc
0,0.125
100,0.4583333333333333
200,0.6666666666666666
300,0.9166666666666666
400,1.0
500,1.0
600,1.0
700,1.0
800,1.0
900,0.9583333333333334
1000,1.0
1100,1.0
1200,1.0
1300,1.0
1400,1.0
1500,1.0
