step,train_acc
0,0.041666666666666664
100,0.4166666666666667
200,0.5833333333333334
300,0.7916666666666666
400,0.9583333333333334
500,1.0
600,1.0
700,1.0
800,1.0
900,1.0
1000,1.0
1100,1.0
1200,1.0
1300,1.0
1400,1.0
1500,1.0
1600,1.0
1700,0.9583333333333334
1800,1.0
1900,1.0
2000,0.9583333333333334
2100,1.0
2200,1.0
2300,1.0
2400,1.0
2500,1.0
2600,1.0
2700,1.0
2800,1.0
2900,1.0
3000,1.0
3100,1.0
3200,1.0
3300,1.0
3400,1.0
3500,1.0
3600,1.0
3700,1.0
3800,0.9583333333333334
3900,1.0
