step,loss
0,0.7954149
100,0.20469056
200,0.12564483
300,0.0805756
400,0.053372078
500,0.044948
600,0.036819503
700,0.033275854
800,0.031865012
