step,loss
0,0.73064107
100,0.12824757
200,0.05529153
300,0.041928284
400,0.031292245
500,0.026300676
600,0.025689406
700,0.02361384
800,0.024615098
900,0.02467708
