step,loss
0,0.007000603
100,0.0065404163
200,0.0067152674
300,0.0055359313
400,0.006458558
500,0.006654965
600,0.0069124117
700,0.006733576
800,0.006900078
900,0.0065218885
