step,train_acc
0,0.28125
100,0.3203125
200,0.2890625
300,0.421875
400,0.3046875
500,0.3515625
600,0.2578125
700,0.265625
800,0.328125
900,0.3125
