step,loss
0,0.70157474
100,0.25955376
200,0.1595873
300,0.107025765
400,0.063552275
500,0.045332804
600,0.045434725
700,0.03579123
800,0.027710998
900,0.022714427
