step,train_acc
0,0.041666666666666664
100,0.7291666666666666
200,0.9375
300,0.9583333333333334
400,0.9791666666666666
500,1.0
600,1.0
700,0.9791666666666666
800,1.0
900,1.0
