step,loss
0,0.77905756
100,0.18326221
200,0.093373954
300,0.06254147
400,0.04343114
500,0.037897587
600,0.033560313
700,0.029892422
800,0.026726594
900,0.02342495
1000,0.02403867
