step,loss
0,0.7834723
100,0.24173701
200,0.120685965
300,0.07086
400,0.0562986
500,0.050137296
600,0.041659754
700,0.03208717
800,0.029284943
900,0.024871435
1000,0.027766116
