step,train_acc
0,0.015625
100,0.828125
200,0.9375
300,1.0
400,1.0
500,1.0
600,0.984375
700,1.0
800,1.0
900,1.0
1000,1.0
