step,loss
0,0.7906335
100,0.1823855
200,0.10038899
300,0.068752825
400,0.045168065
500,0.040101
600,0.037404925
700,0.029816126
800,0.031012524
