step,loss
0,0.7432383
100,0.12716438
200,0.06809523
300,0.04233515
400,0.028578646
500,0.030069884
600,0.026771748
700,0.026509807
800,0.025192933
900,0.020901669
