step,train_acc
0,0.08333333333333333
100,0.9166666666666666
200,1.0
300,1.0
400,1.0
500,1.0
600,1.0
700,1.0
800,1.0
900,1.0
