step,loss
0,0.77683336
100,0.23519087
200,0.11329708
300,0.066603094
400,0.054688647
500,0.039444577
600,0.027335603
700,0.025137892
800,0.026913943
900,0.026931282
1000,0.02438317
