step,train_acc
0,0.03125
100,0.859375
200,0.96875
300,0.984375
400,1.0
500,1.0
600,1.0
700,1.0
800,1.0
900,1.0
1000,1.0
