step,loss
0,0.74644774
100,0.11747761
200,0.058698643
300,0.039529994
400,0.03533677
500,0.028815713
