step,loss
0,0.78960973
100,0.1431997
200,0.063791454
300,0.046341162
400,0.0361383
500,0.031647697
