step,train_acc
0,0.0
100,0.16666666666666666
200,0.625
300,0.7916666666666666
400,0.8333333333333334
500,0.8333333333333334
600,0.875
700,0.9583333333333334
800,0.9583333333333334
900,1.0
1000,1.0
1100,1.0
1200,1.0
1300,0.9583333333333334
1400,0.9166666666666666
1500,1.0
1600,1.0
1700,1.0
1800,1.0
1900,1.0
2000,1.0
2100,0.9583333333333334
2200,1.0
2300,1.0
2400,1.0
2500,1.0
2600,1.0
2700,1.0
2800,1.0
