step,loss
0,0.7532387
100,0.12277563
200,0.077179894
300,0.047963552
400,0.04126991
500,0.032789025
600,0.0278696
700,0.027837329
800,0.025667088
900,0.024982354
