step,train_acc
0,0.020833333333333332
100,0.9583333333333334
200,0.9791666666666666
300,1.0
400,1.0
500,1.0
600,1.0
700,1.0
800,1.0
900,1.0
