step,loss
0,0.67986923
100,0.23704189
200,0.18317509
300,0.07765776
400,0.07014403
500,0.06475543
600,0.048355944
700,0.034767833
800,0.03237276
900,0.027414214
