step,train_acc
0,0.020833333333333332
100,0.75
200,0.875
300,0.9791666666666666
400,0.9791666666666666
500,0.9791666666666666
600,1.0
700,0.9791666666666666
800,0.9791666666666666
900,1.0
