step,loss
0,0.7856805
100,0.2618105
200,0.13052113
300,0.07202558
400,0.06382988
500,0.04623049
600,0.044246517
700,0.03268547
800,0.029679585
900,0.033400763
1000,0.026674606
