step,train_acc
0,0.015625
100,0.8125
200,0.953125
300,1.0
400,1.0
500,1.0
600,1.0
700,1.0
800,1.0
900,1.0
1000,1.0
