step,loss
0,0.75489897
100,0.13198203
200,0.07051086
300,0.04005981
400,0.036831334
500,0.031260423
